{
	"credit": "Made with Blockbench",
    	"textures": {
        	"particle": "#texture"
    	},
	"elements": [
		{
			"from": [0, 0, 0],
			"to": [1, 2, 16],
			"color": 7,
			"faces": {
				"north": {"uv": [0, 0, 1, 2], "texture": "#texture"},
				"east": {"uv": [0, 0, 16, 2], "texture": "#texture"},
				"south": {"uv": [0, 0, 1, 2], "texture": "#texture"},
				"west": {"uv": [0, 0, 16, 2], "texture": "#texture"},
				"up": {"uv": [0, 0, 1, 16], "texture": "#texture"},
				"down": {"uv": [0, 0, 1, 16], "texture": "#texture", "cullface": "down"}
			}
		},
		{
			"from": [15, 0, 0],
			"to": [16, 2, 16],
			"rotation": {"angle": 0, "axis": "y", "origin": [14, 0, 0]},
			"color": 7,
			"faces": {
				"north": {"uv": [0, 0, 1, 2], "texture": "#texture"},
				"east": {"uv": [0, 0, 16, 2], "texture": "#texture"},
				"south": {"uv": [0, 0, 1, 2], "texture": "#texture"},
				"west": {"uv": [0, 0, 16, 2], "texture": "#texture"},
				"up": {"uv": [0, 0, 1, 16], "texture": "#texture"},
				"down": {"uv": [0, 0, 1, 16], "texture": "#texture", "cullface": "down"}
			}
		},
		{
			"from": [1, 0, 0],
			"to": [15, 2, 1],
			"rotation": {"angle": 0, "axis": "y", "origin": [2, 0, 0]},
			"color": 9,
			"faces": {
				"north": {"uv": [0, 0, 14, 2], "texture": "#texture"},
				"east": {"uv": [0, 0, 1, 2], "texture": "#texture"},
				"south": {"uv": [0, 0, 14, 2], "texture": "#texture"},
				"west": {"uv": [0, 0, 1, 2], "texture": "#texture"},
				"up": {"uv": [0, 0, 14, 1], "texture": "#texture"},
				"down": {"uv": [0, 0, 14, 1], "texture": "#texture", "cullface": "down"}
			}
		},
		{
			"from": [1, 0, 15],
			"to": [15, 2, 16],
			"rotation": {"angle": 0, "axis": "y", "origin": [2, 0, 14]},
			"color": 9,
			"faces": {
				"north": {"uv": [0, 0, 14, 2], "texture": "#texture"},
				"east": {"uv": [0, 0, 1, 2], "texture": "#texture"},
				"south": {"uv": [0, 0, 14, 2], "texture": "#texture"},
				"west": {"uv": [0, 0, 1, 2], "texture": "#texture"},
				"up": {"uv": [0, 0, 14, 1], "texture": "#texture"},
				"down": {"uv": [0, 0, 14, 1], "texture": "#texture", "cullface": "down"}
			}
		}
	]
}